﻿{"cameraMode":{"drawMode":0,"name":"Shaded","section":"Shading Mode"},"sceneLighting":true,"audioPlay":false,"sceneViewState":{"showFog":true,"showMaterialUpdate":false,"showSkybox":true,"showFlares":true,"showImageEffects":true,"showParticleSystems":true},"in2DMode":false,"pivot":{"x":311.78533935546877,"y":35.15243148803711,"z":3.8725154399871828},"rotation":{"x":0.0076027256436645988,"y":0.9655572772026062,"z":-0.25852471590042117,"w":0.02839544415473938},"size":581.2952270507813,"orthographic":false}